CookerStat, GenerateAssetRegistry=0.023246, Initialize=0.116214, RunGuid=RunID23E33A4145444A1F9C2DEAABDAAE35B2
DDCTransactionId923939674A94D6AA9CE3599925D87BD4_0, PutCachedData=, CacheKey=PhysX_1D9C17C451EA4FB88CB7A27536A65DB0_PhysXPC_EAA7919D4CE4F5F3B07F219297AEE7C2__1_0_13123_0, StartTime=2016.06.17-00.07.36, HierarchicalDDC=, DataSize=465, Duration=3.944118, RunGuid=RunID23E33A4145444A1F9C2DEAABDAAE35B2
DDCTransactionId0B44DF524EEB163EF7289EAA430704A8_0, PutCachedData=, CacheKey=PhysX_1D9C17C451EA4FB88CB7A27536A65DB0_PhysXPC_0945B0EE46C1022667C97AB8A965A5E6__1_0_13123_0, StartTime=2016.06.17-00.07.40, HierarchicalDDC=, DataSize=347, Duration=3.350958, RunGuid=RunID23E33A4145444A1F9C2DEAABDAAE35B2
DDCTransactionIdB17F89C34D9B7399B15C7383895461F5_0, PutCachedData=, CacheKey=PhysX_1D9C17C451EA4FB88CB7A27536A65DB0_PhysXPC_E0D5481144FFE2C30AE78D8780E8C3A5__1_0_13123_0, StartTime=2016.06.17-00.07.40, HierarchicalDDC=, DataSize=437, Duration=3.417973, RunGuid=RunID23E33A4145444A1F9C2DEAABDAAE35B2
DDCTransactionId923939674A94D6AA9CE3599925D87BD4_1, PutCachedData=, CacheKey=PhysX_1D9C17C451EA4FB88CB7A27536A65DB0_PhysXPC_62541261447BF42C851FBAA73B33405D__1_0_13123_0, StartTime=2016.06.17-00.07.40, HierarchicalDDC=, DataSize=347, Duration=3.284548, RunGuid=RunID23E33A4145444A1F9C2DEAABDAAE35B2
DDCTransactionId0B44DF524EEB163EF7289EAA430704A8_1, PutCachedData=, CacheKey=PhysX_1D9C17C451EA4FB88CB7A27536A65DB0_PhysXPC_16592CAA4B7C21EB2AA453B4AA1D1FCD__1_0_13123_0, StartTime=2016.06.17-00.07.42, HierarchicalDDC=, DataSize=347, Duration=3.564071, RunGuid=RunID23E33A4145444A1F9C2DEAABDAAE35B2
DDCTransactionIdB17F89C34D9B7399B15C7383895461F5_1, PutCachedData=, CacheKey=PhysX_1D9C17C451EA4FB88CB7A27536A65DB0_PhysXPC_1E78EBE5463E219C8292C3B2D0D3746E__1_0_13123_0, StartTime=2016.06.17-00.07.42, HierarchicalDDC=, DataSize=347, Duration=16.018852, RunGuid=RunID23E33A4145444A1F9C2DEAABDAAE35B2
DDCTransactionId923939674A94D6AA9CE3599925D87BD4_2, PutCachedData=, CacheKey=PhysX_1D9C17C451EA4FB88CB7A27536A65DB0_PhysXPC_83E7F80947C116ACE9CC418E08E0FD86__1_0_13123_0, StartTime=2016.06.17-00.07.42, HierarchicalDDC=, DataSize=347, Duration=3.082905, RunGuid=RunID23E33A4145444A1F9C2DEAABDAAE35B2
DDCTransactionId923939674A94D6AA9CE3599925D87BD4_3, PutCachedData=, CacheKey=PhysX_1D9C17C451EA4FB88CB7A27536A65DB0_PhysXPC_E0A53FD245B437B8C59CE9908B7F8CCF__1_0_13123_0, StartTime=2016.06.17-00.07.42, HierarchicalDDC=, DataSize=347, Duration=3.296319, RunGuid=RunID23E33A4145444A1F9C2DEAABDAAE35B2
DDCTransactionId0B44DF524EEB163EF7289EAA430704A8_2, PutCachedData=, CacheKey=PhysX_1D9C17C451EA4FB88CB7A27536A65DB0_PhysXPC_BAF1E31B49E9B23322C388858EFDA5DC__1_0_13123_0, StartTime=2016.06.17-00.07.42, HierarchicalDDC=, DataSize=409, Duration=3.305677, RunGuid=RunID23E33A4145444A1F9C2DEAABDAAE35B2
DDCTransactionIdB17F89C34D9B7399B15C7383895461F5_2, PutCachedData=, CacheKey=PhysX_1D9C17C451EA4FB88CB7A27536A65DB0_PhysXPC_41A9878049A6EFC929C1D5B2775EDD19__1_0_13123_0, StartTime=2016.06.17-00.08.22, HierarchicalDDC=, DataSize=458, Duration=3.454495, RunGuid=RunID23E33A4145444A1F9C2DEAABDAAE35B2
DDCTransactionId0B44DF524EEB163EF7289EAA430704A8_3, PutCachedData=, CacheKey=PhysX_1D9C17C451EA4FB88CB7A27536A65DB0_PhysXPC_2A75390944A4DEBE1834E9A78D459BEF__1_0_13123_0, StartTime=2016.06.17-00.08.23, HierarchicalDDC=, DataSize=458, Duration=3.782317, RunGuid=RunID23E33A4145444A1F9C2DEAABDAAE35B2
DDCTransactionId923939674A94D6AA9CE3599925D87BD4_4, PutCachedData=, CacheKey=PhysX_1D9C17C451EA4FB88CB7A27536A65DB0_PhysXPC_4DC39EAF4C41C44481A5B3833B5BA18A__1_0_13123_0, StartTime=2016.06.17-00.09.00, HierarchicalDDC=, DataSize=458, Duration=3.524832, RunGuid=RunID23E33A4145444A1F9C2DEAABDAAE35B2
DDCTransactionId0B44DF524EEB163EF7289EAA430704A8_4, PutCachedData=, CacheKey=PhysX_1D9C17C451EA4FB88CB7A27536A65DB0_PhysXPC_1A68E8B14264C4CB4CE607B10AFCD3C0__1_0_13123_0, StartTime=2016.06.17-00.09.00, HierarchicalDDC=, DataSize=347, Duration=3.283344, RunGuid=RunID23E33A4145444A1F9C2DEAABDAAE35B2
DDCTransactionIdB17F89C34D9B7399B15C7383895461F5_3, PutCachedData=, CacheKey=PhysX_1D9C17C451EA4FB88CB7A27536A65DB0_PhysXPC_59DE91F24CEC1D3874BFBDA4B1F477E8__1_0_13123_0, StartTime=2016.06.17-00.09.00, HierarchicalDDC=, DataSize=347, Duration=3.564071, RunGuid=RunID23E33A4145444A1F9C2DEAABDAAE35B2
DDCTransactionId923939674A94D6AA9CE3599925D87BD4_5, PutCachedData=, CacheKey=PhysX_1D9C17C451EA4FB88CB7A27536A65DB0_PhysXPC_EDF090054F9C1A47418F1E8124163334__1_0_13123_0, StartTime=2016.06.17-00.09.00, HierarchicalDDC=, DataSize=347, Duration=5.544279, RunGuid=RunID23E33A4145444A1F9C2DEAABDAAE35B2
DDCTransactionId0B44DF524EEB163EF7289EAA430704A8_5, PutCachedData=, CacheKey=PhysX_1D9C17C451EA4FB88CB7A27536A65DB0_PhysXPC_B71D11B2462F5833C0368C815C766819__1_0_13123_0, StartTime=2016.06.17-00.09.00, HierarchicalDDC=, DataSize=347, Duration=2.968196, RunGuid=RunID23E33A4145444A1F9C2DEAABDAAE35B2
DDCTransactionIdB17F89C34D9B7399B15C7383895461F5_4, PutCachedData=, CacheKey=PhysX_1D9C17C451EA4FB88CB7A27536A65DB0_PhysXPC_B1942DEE4F2D314359A22199F80760AA__1_0_13123_0, StartTime=2016.06.17-00.09.00, HierarchicalDDC=, DataSize=409, Duration=2.903599, RunGuid=RunID23E33A4145444A1F9C2DEAABDAAE35B2
SavePackageTransactionIdF26F8E28422E0375A2753B9E8A4FBE23_0, Filename=D:/Unreal4Projects_LJS/LJSPR_Study/Content/LJS_Studies/TwinStickShooter/TSS_Levels/TSSL_Arena.umap, AutoPackageBackupDelegate=1.780074, FlushAsyncLoading=0.008151, FlushStreamingFunc=0.047997, BlockTillAllRequestsFinished=0.006337, ResetLoadersForSaveUnMarkAllObjects=0.381857, TagPackageExports=0.305481, BeginCacheForCookedPlatformData=0.002414, SerializeImports=0.995237, GatherLocalizableTextData=3.034305, MarkNames=0.037130, SerializeSummary=0.018414, SerializeNames=0.242997, SerializeGatherableTextData=0.009961, BuildExportMap=0.104748, SortExportsNonSeekfree=0.105649, SortExportsSeekfreeConstructor=0.068523, SortExportsSeekfreeInner=6.459523, SortExportsSeekfree=0.009358, BuildDependencyMap=0.040751, SerializeImportMap=0.021432, SerializeExportMap=0.017509, SerializeDependencyMap=0.007242, SerializeStringAssetReferenceMap=0.002719, SaveThumbNailsAssetRegistryDataWorldLevelInfo=0.489920, SerializeExports=2.877034, SerializeBulkData=0.019319, MoveFile=1.483947, UnaccountedTime=1.137111, RunGuid=RunID23E33A4145444A1F9C2DEAABDAAE35B2
DDCTransactionIdC0E686BD4B9CCD0BD4FBA58D88EF7DC7_0, BuildTexture=, CacheKey=TEXTURE_814DCC3DC72143F49509781513CB9855_AutoDXT_37261EDC4280D44E81F26AA0C846C901_07_0000803F0000803F0000803F000000000000803F00000000000000000000803F0000000000000000020000000E000000000000000101000000040000803FFFFFFFFF00000000FF00FF00FFFF8180803B, StartTime=2016.06.17-00.10.29, Duration=94.462242, RunGuid=RunID23E33A4145444A1F9C2DEAABDAAE35B2
DDCTransactionIdA52BC006468E7400B70989BE1B3E57C0_0, BuildTexture=, CacheKey=TEXTURE_814DCC3DC72143F49509781513CB9855_AutoDXT_332C1BF94F97D6FB987DA19475EF599E_07_0000803F0000803F0000803F000000000000803F00000000000000000000803F0000000000000000020000000E000000000000000101000000040000803FFFFFFFFF00000000FF00FF00FFFF8180803B, StartTime=2016.06.17-00.10.29, Duration=76.371117, RunGuid=RunID23E33A4145444A1F9C2DEAABDAAE35B2
DDCTransactionIdB17F89C34D9B7399B15C7383895461F5_5, PutCachedData=, CacheKey=TEXTURE_814DCC3DC72143F49509781513CB9855_AutoDXT_332C1BF94F97D6FB987DA19475EF5__E65925A748D53E127E8DF64CC5AA6D030D3C7B80, StartTime=2016.06.17-00.10.29, HierarchicalDDC=, DataSize=1048841, Duration=5.207703, RunGuid=RunID23E33A4145444A1F9C2DEAABDAAE35B2
DDCTransactionId923939674A94D6AA9CE3599925D87BD4_6, PutCachedData=, CacheKey=TEXTURE_814DCC3DC72143F49509781513CB9855_AutoDXT_332C1BF94F97D6FB987DA19475EF5__CC5483ED558DD84EF4BE0C4C0F77EA13D21CEB43, StartTime=2016.06.17-00.10.29, HierarchicalDDC=, DataSize=262407, Duration=9.268641, RunGuid=RunID23E33A4145444A1F9C2DEAABDAAE35B2
DDCTransactionId0B44DF524EEB163EF7289EAA430704A8_6, PutCachedData=, CacheKey=TEXTURE_814DCC3DC72143F49509781513CB9855_AutoDXT_332C1BF94F97D6FB987DA19475EF5__0E7C22A66B3856F08A1BA091719E01926236BB31, StartTime=2016.06.17-00.10.29, HierarchicalDDC=, DataSize=65799, Duration=4.866298, RunGuid=RunID23E33A4145444A1F9C2DEAABDAAE35B2
DDCTransactionIdA52BC006468E7400B70989BE1B3E57C0_1, BuildTexture=, CacheKey=TEXTURE_814DCC3DC72143F49509781513CB9855_DXT1_5F8C8CA840C0FA470C0837B03A4AF2D9_07_0000803F0000803F0000803F000000000000803F00000000000000000000803F0000000000000000020000000E000000000000000101000000040000803FFFFFFFFF00000000FF00FF00FFFF8180803B, StartTime=2016.06.17-00.10.29, Duration=359.267609, RunGuid=RunID23E33A4145444A1F9C2DEAABDAAE35B2
DDCTransactionIdB17F89C34D9B7399B15C7383895461F5_6, PutCachedData=, CacheKey=TEXTURE_814DCC3DC72143F49509781513CB9855_AutoDXT_332C1BF94F97D6FB987DA19475EF5__E101FC3EF0C533C16E9C4BC1F8423CAC44C3F731, StartTime=2016.06.17-00.10.29, HierarchicalDDC=, DataSize=16647, Duration=4.206129, RunGuid=RunID23E33A4145444A1F9C2DEAABDAAE35B2
DDCTransactionId0B44DF524EEB163EF7289EAA430704A8_7, PutCachedData=, CacheKey=TEXTURE_814DCC3DC72143F49509781513CB9855_AutoDXT_332C1BF94F97D6FB987DA19475EF5__A367FF0C4980823E540A6B8A98CEC59E086CE59C, StartTime=2016.06.17-00.10.29, HierarchicalDDC=, DataSize=7196, Duration=10.836504, RunGuid=RunID23E33A4145444A1F9C2DEAABDAAE35B2
DDCTransactionId923939674A94D6AA9CE3599925D87BD4_7, PutCachedData=, CacheKey=TEXTURE_814DCC3DC72143F49509781513CB9855_AutoDXT_37261EDC4280D44E81F26AA0C846C__6AAAD869D538BFA097E9C73F4A261FB815C4BF6F, StartTime=2016.06.17-00.10.29, HierarchicalDDC=, DataSize=524552, Duration=4.565950, RunGuid=RunID23E33A4145444A1F9C2DEAABDAAE35B2
DDCTransactionIdB17F89C34D9B7399B15C7383895461F5_7, PutCachedData=, CacheKey=TEXTURE_814DCC3DC72143F49509781513CB9855_AutoDXT_37261EDC4280D44E81F26AA0C846C__C56B053BC07C5F69D757F9AB06DE90E581972A84, StartTime=2016.06.17-00.10.29, HierarchicalDDC=, DataSize=131335, Duration=4.568663, RunGuid=RunID23E33A4145444A1F9C2DEAABDAAE35B2
DDCTransactionId0B44DF524EEB163EF7289EAA430704A8_8, PutCachedData=, CacheKey=TEXTURE_814DCC3DC72143F49509781513CB9855_AutoDXT_37261EDC4280D44E81F26AA0C846C__CB2A3AAD20920BEB0FDD716A29169D43A1F08A64, StartTime=2016.06.17-00.10.29, HierarchicalDDC=, DataSize=33031, Duration=3.825486, RunGuid=RunID23E33A4145444A1F9C2DEAABDAAE35B2
DDCTransactionId923939674A94D6AA9CE3599925D87BD4_8, PutCachedData=, CacheKey=TEXTURE_814DCC3DC72143F49509781513CB9855_AutoDXT_37261EDC4280D44E81F26AA0C846C__A0F858757870A0FD4A254B60639A501B46240CF8, StartTime=2016.06.17-00.10.29, HierarchicalDDC=, DataSize=8454, Duration=3.268547, RunGuid=RunID23E33A4145444A1F9C2DEAABDAAE35B2
DDCTransactionId0B44DF524EEB163EF7289EAA430704A8_9, PutCachedData=, CacheKey=TEXTURE_814DCC3DC72143F49509781513CB9855_AutoDXT_37261EDC4280D44E81F26AA0C846C__42811D32D7F8767F29303100841C0EB7D23743F7, StartTime=2016.06.17-00.10.29, HierarchicalDDC=, DataSize=4474, Duration=3.587618, RunGuid=RunID23E33A4145444A1F9C2DEAABDAAE35B2
DDCTransactionIdB17F89C34D9B7399B15C7383895461F5_8, PutCachedData=, CacheKey=TEXTURE_814DCC3DC72143F49509781513CB9855_DXT1_5F8C8CA840C0FA470C0837B03A4AF2D9__5422F999BD3A8455C2A52DD71949BB9079F6402A, StartTime=2016.06.17-00.10.30, HierarchicalDDC=, DataSize=524550, Duration=5.422629, RunGuid=RunID23E33A4145444A1F9C2DEAABDAAE35B2
DDCTransactionId923939674A94D6AA9CE3599925D87BD4_9, PutCachedData=, CacheKey=TEXTURE_814DCC3DC72143F49509781513CB9855_DXT1_5F8C8CA840C0FA470C0837B03A4AF2D9__CDD558F83AE49B8329988F296F777E32CF8276C1, StartTime=2016.06.17-00.10.30, HierarchicalDDC=, DataSize=131332, Duration=4.705407, RunGuid=RunID23E33A4145444A1F9C2DEAABDAAE35B2
DDCTransactionId0B44DF524EEB163EF7289EAA430704A8_10, PutCachedData=, CacheKey=TEXTURE_814DCC3DC72143F49509781513CB9855_DXT1_5F8C8CA840C0FA470C0837B03A4AF2D9__D7518D28B25D65DA11E92405EFCA5A050C9FE4C7, StartTime=2016.06.17-00.10.30, HierarchicalDDC=, DataSize=33028, Duration=4.917916, RunGuid=RunID23E33A4145444A1F9C2DEAABDAAE35B2
DDCTransactionId923939674A94D6AA9CE3599925D87BD4_10, PutCachedData=, CacheKey=TEXTURE_814DCC3DC72143F49509781513CB9855_DXT1_5F8C8CA840C0FA470C0837B03A4AF2D9__9CAD8C6ECD38185DBDFAC9ADB5C8308A1F8636A8, StartTime=2016.06.17-00.10.30, HierarchicalDDC=, DataSize=8452, Duration=3.836047, RunGuid=RunID23E33A4145444A1F9C2DEAABDAAE35B2
DDCTransactionId0B44DF524EEB163EF7289EAA430704A8_11, PutCachedData=, CacheKey=TEXTURE_814DCC3DC72143F49509781513CB9855_DXT1_5F8C8CA840C0FA470C0837B03A4AF2D9__3A729D6E5F92D626BE411796BB1D9110EC0DF91A, StartTime=2016.06.17-00.10.30, HierarchicalDDC=, DataSize=4437, Duration=3.599391, RunGuid=RunID23E33A4145444A1F9C2DEAABDAAE35B2
DDCTransactionIdC0E686BD4B9CCD0BD4FBA58D88EF7DC7_1, BuildTexture=, CacheKey=TEXTURE_814DCC3DC72143F49509781513CB9855_G8_61C5AE534FF065A5DD3265BF495710CA_07_0000803F0000803F0000803F000000000000803F00000000000000000000803F0000000000000000020000000E000000000000000101000000040000803FFFFFFFFF00000000FF00FF00FFFF8180803B, StartTime=2016.06.17-00.10.30, Duration=15.148587, RunGuid=RunID23E33A4145444A1F9C2DEAABDAAE35B2
DDCTransactionIdB17F89C34D9B7399B15C7383895461F5_9, PutCachedData=, CacheKey=TEXTURE_814DCC3DC72143F49509781513CB9855_G8_61C5AE534FF065A5DD3265BF495710CA_0__44B5051AEAAEDED485874972086044038CD79809, StartTime=2016.06.17-00.10.30, HierarchicalDDC=, DataSize=524547, Duration=4.180774, RunGuid=RunID23E33A4145444A1F9C2DEAABDAAE35B2
DDCTransactionId923939674A94D6AA9CE3599925D87BD4_11, PutCachedData=, CacheKey=TEXTURE_814DCC3DC72143F49509781513CB9855_G8_61C5AE534FF065A5DD3265BF495710CA_0__251E8090E21590211A1493CD58AE0AEB77D46A13, StartTime=2016.06.17-00.10.30, HierarchicalDDC=, DataSize=131330, Duration=4.207034, RunGuid=RunID23E33A4145444A1F9C2DEAABDAAE35B2
DDCTransactionId0B44DF524EEB163EF7289EAA430704A8_12, PutCachedData=, CacheKey=TEXTURE_814DCC3DC72143F49509781513CB9855_G8_61C5AE534FF065A5DD3265BF495710CA_0__8A8CBA340042AD813BEE6A1C09A8CF7202802C87, StartTime=2016.06.17-00.10.30, HierarchicalDDC=, DataSize=33026, Duration=3.744282, RunGuid=RunID23E33A4145444A1F9C2DEAABDAAE35B2
DDCTransactionId0B44DF524EEB163EF7289EAA430704A8_13, PutCachedData=, CacheKey=TEXTURE_814DCC3DC72143F49509781513CB9855_G8_61C5AE534FF065A5DD3265BF495710CA_0__C883EA6F83D05323B60B579109B9808D17419D45, StartTime=2016.06.17-00.10.30, HierarchicalDDC=, DataSize=8449, Duration=3.783222, RunGuid=RunID23E33A4145444A1F9C2DEAABDAAE35B2
DDCTransactionIdB17F89C34D9B7399B15C7383895461F5_10, PutCachedData=, CacheKey=TEXTURE_814DCC3DC72143F49509781513CB9855_G8_61C5AE534FF065A5DD3265BF495710CA_0__23C8CD70384B207C984A44D3767C7C847463BFBE, StartTime=2016.06.17-00.10.30, HierarchicalDDC=, DataSize=4410, Duration=3.487401, RunGuid=RunID23E33A4145444A1F9C2DEAABDAAE35B2
DDCTransactionId923939674A94D6AA9CE3599925D87BD4_12, PutCachedData=, CacheKey=PhysX_1D9C17C451EA4FB88CB7A27536A65DB0_PhysXPC_F24457A2431EB831DAB7ABBAFCDAA78F__1_0_13123_0, StartTime=2016.06.17-00.10.30, HierarchicalDDC=, DataSize=347, Duration=7.069584, RunGuid=RunID23E33A4145444A1F9C2DEAABDAAE35B2
DDCTransactionIdB17F89C34D9B7399B15C7383895461F5_11, PutCachedData=, CacheKey=PhysX_1D9C17C451EA4FB88CB7A27536A65DB0_PhysXPC_593FCC3345CEB90225441E89BB1F5EFC__1_0_13123_0, StartTime=2016.06.17-00.10.30, HierarchicalDDC=, DataSize=347, Duration=7.900603, RunGuid=RunID23E33A4145444A1F9C2DEAABDAAE35B2
DDCTransactionId0B44DF524EEB163EF7289EAA430704A8_14, PutCachedData=, CacheKey=PhysX_1D9C17C451EA4FB88CB7A27536A65DB0_PhysXPC_EB260D8141056134B4F2A993FBD249DB__1_0_13123_0, StartTime=2016.06.17-00.10.30, HierarchicalDDC=, DataSize=347, Duration=4.386641, RunGuid=RunID23E33A4145444A1F9C2DEAABDAAE35B2
DDCTransactionId0B44DF524EEB163EF7289EAA430704A8_15, PutCachedData=, CacheKey=PhysX_1D9C17C451EA4FB88CB7A27536A65DB0_PhysXPC_C60786E847E7A889E7477CB6F1003DFC__1_0_13123_0, StartTime=2016.06.17-00.10.30, HierarchicalDDC=, DataSize=347, Duration=3.783524, RunGuid=RunID23E33A4145444A1F9C2DEAABDAAE35B2
DDCTransactionId923939674A94D6AA9CE3599925D87BD4_13, PutCachedData=, CacheKey=PhysX_1D9C17C451EA4FB88CB7A27536A65DB0_PhysXPC_A95BC3604BA7CDD1E07A938222D20F72__1_0_13123_0, StartTime=2016.06.17-00.10.30, HierarchicalDDC=, DataSize=409, Duration=3.102526, RunGuid=RunID23E33A4145444A1F9C2DEAABDAAE35B2
SavePackageTransactionIdF26F8E28422E0375A2753B9E8A4FBE23_1, Filename=D:/Unreal4Projects_LJS/LJSPR_Study/Content/LJS_Studies/TwinStickShooter/TSS_Levels/TSSL_Arena.umap, AutoPackageBackupDelegate=0.950258, FlushAsyncLoading=0.003021, FlushStreamingFunc=0.037730, BlockTillAllRequestsFinished=0.005133, ResetLoadersForSaveUnMarkAllObjects=0.157271, TagPackageExports=0.701223, BeginCacheForCookedPlatformData=0.001814, SerializeImports=1.473986, GatherLocalizableTextData=3.230516, MarkNames=0.042863, SerializeSummary=0.017811, SerializeNames=0.312727, SerializeGatherableTextData=0.012074, BuildExportMap=0.109274, SortExportsNonSeekfree=0.136442, SortExportsSeekfreeConstructor=0.074256, SortExportsSeekfreeInner=7.082563, SortExportsSeekfree=0.007547, BuildDependencyMap=0.044674, SerializeImportMap=0.032902, SerializeExportMap=0.021733, SerializeDependencyMap=0.004832, SerializeStringAssetReferenceMap=0.002112, SaveThumbNailsAssetRegistryDataWorldLevelInfo=0.522822, SerializeExports=5.343240, SerializeBulkData=51.708172, MoveFile=1.785811, UnaccountedTime=1.099676, RunGuid=RunID23E33A4145444A1F9C2DEAABDAAE35B2
SavePackageTransactionIdF26F8E28422E0375A2753B9E8A4FBE23_2, Filename=D:/Unreal4Projects_LJS/LJSPR_Study/Content/LJS_Studies/TwinStickShooter/TSS_Blueprints/TSSBP_BaseCharacter.uasset, AutoPackageBackupDelegate=0.167232, FlushAsyncLoading=0.004224, FlushStreamingFunc=0.068825, BlockTillAllRequestsFinished=0.005737, ResetLoadersForSaveUnMarkAllObjects=0.124365, TagPackageExports=0.860002, BeginCacheForCookedPlatformData=0.002414, SerializeImports=1.514740, GatherLocalizableTextData=1.972057, MarkNames=0.022639, SerializeSummary=0.012979, SerializeNames=0.079088, SerializeGatherableTextData=0.007849, BuildExportMap=0.059769, SortExportsNonSeekfree=0.086032, SortExportsSeekfreeConstructor=0.054333, SortExportsSeekfreeInner=8.712311, SortExportsSeekfree=0.005737, BuildDependencyMap=0.019014, SerializeImportMap=0.012677, SerializeExportMap=0.014488, SerializeDependencyMap=0.002414, SerializeStringAssetReferenceMap=0.002112, SaveThumbNailsAssetRegistryDataWorldLevelInfo=0.287674, SerializeExports=2.091896, SerializeBulkData=0.004530, MoveFile=1.313400, UnaccountedTime=1.177557, RunGuid=RunID23E33A4145444A1F9C2DEAABDAAE35B2
SavePackageTransactionIdF26F8E28422E0375A2753B9E8A4FBE23_3, Filename=D:/Unreal4Projects_LJS/LJSPR_Study/Content/LJS_Studies/TwinStickShooter/TSS_Blueprints/TSSBP_BaseCharacter.uasset, AutoPackageBackupDelegate=2.019752, FlushAsyncLoading=0.009056, FlushStreamingFunc=0.052221, BlockTillAllRequestsFinished=0.006944, ResetLoadersForSaveUnMarkAllObjects=0.143986, TagPackageExports=0.891998, BeginCacheForCookedPlatformData=0.002112, SerializeImports=1.681667, GatherLocalizableTextData=1.624316, MarkNames=0.025958, SerializeSummary=0.014491, SerializeNames=0.091765, SerializeGatherableTextData=0.009358, BuildExportMap=0.062786, SortExportsNonSeekfree=0.083614, SortExportsSeekfreeConstructor=0.057053, SortExportsSeekfreeInner=8.262537, SortExportsSeekfree=0.005435, BuildDependencyMap=0.021130, SerializeImportMap=0.013281, SerializeExportMap=0.014793, SerializeDependencyMap=0.002112, SerializeStringAssetReferenceMap=0.002418, SaveThumbNailsAssetRegistryDataWorldLevelInfo=0.302766, SerializeExports=2.315272, SerializeBulkData=0.005737, MoveFile=1.600467, UnaccountedTime=1.128957, RunGuid=RunID23E33A4145444A1F9C2DEAABDAAE35B2
SavePackageTransactionIdF26F8E28422E0375A2753B9E8A4FBE23_4, Filename=D:/Unreal4Projects_LJS/LJSPR_Study/Content/LJS_Studies/TwinStickShooter/TSS_Blueprints/TSSBP_BaseCharacter.uasset, AutoPackageBackupDelegate=0.680093, FlushAsyncLoading=0.003017, FlushStreamingFunc=0.049807, BlockTillAllRequestsFinished=0.005733, ResetLoadersForSaveUnMarkAllObjects=0.117123, TagPackageExports=2.735764, BeginCacheForCookedPlatformData=0.002716, SerializeImports=3.644068, GatherLocalizableTextData=3.493436, MarkNames=0.052825, SerializeSummary=0.031393, SerializeNames=0.103842, SerializeGatherableTextData=0.163306, BuildExportMap=0.093274, SortExportsNonSeekfree=0.346538, SortExportsSeekfreeConstructor=0.062786, SortExportsSeekfreeInner=10.372848, SortExportsSeekfree=0.005733, BuildDependencyMap=0.031397, SerializeImportMap=0.016604, SerializeExportMap=0.027165, SerializeDependencyMap=0.003926, SerializeStringAssetReferenceMap=0.002112, SaveThumbNailsAssetRegistryDataWorldLevelInfo=0.592552, SerializeExports=6.372888, SerializeBulkData=0.011168, MoveFile=1.634579, UnaccountedTime=1.139827, RunGuid=RunID23E33A4145444A1F9C2DEAABDAAE35B2
SavePackageTransactionIdF26F8E28422E0375A2753B9E8A4FBE23_5, Filename=D:/Unreal4Projects_LJS/LJSPR_Study/Content/LJS_Studies/TwinStickShooter/TSS_Blueprints/TSSBP_BaseCharacter.uasset, AutoPackageBackupDelegate=0.677072, FlushAsyncLoading=0.003323, FlushStreamingFunc=0.051618, BlockTillAllRequestsFinished=0.005130, ResetLoadersForSaveUnMarkAllObjects=0.118934, TagPackageExports=3.814615, BeginCacheForCookedPlatformData=0.004526, SerializeImports=4.768197, GatherLocalizableTextData=4.056104, MarkNames=0.025962, SerializeSummary=0.012979, SerializeNames=0.134330, SerializeGatherableTextData=0.197716, BuildExportMap=0.108369, SortExportsNonSeekfree=0.456717, SortExportsSeekfreeConstructor=0.057656, SortExportsSeekfreeInner=11.651225, SortExportsSeekfree=0.006340, BuildDependencyMap=0.037432, SerializeImportMap=0.016902, SerializeExportMap=0.031091, SerializeDependencyMap=0.005733, SerializeStringAssetReferenceMap=0.001509, SaveThumbNailsAssetRegistryDataWorldLevelInfo=0.767030, SerializeExports=8.070555, SerializeBulkData=0.010565, MoveFile=1.704309, UnaccountedTime=1.097564, RunGuid=RunID23E33A4145444A1F9C2DEAABDAAE35B2
SavePackageTransactionIdF26F8E28422E0375A2753B9E8A4FBE23_6, Filename=D:/Unreal4Projects_LJS/LJSPR_Study/Content/LJS_Studies/TwinStickShooter/TSS_Blueprints/TSSBP_HeroCharacter.uasset, AutoPackageBackupDelegate=0.165116, FlushAsyncLoading=0.004530, FlushStreamingFunc=0.070937, BlockTillAllRequestsFinished=0.006340, ResetLoadersForSaveUnMarkAllObjects=0.131913, TagPackageExports=5.396668, BeginCacheForCookedPlatformData=0.005133, SerializeImports=5.625479, GatherLocalizableTextData=10.996189, MarkNames=0.062484, SerializeSummary=0.015698, SerializeNames=0.281334, SerializeGatherableTextData=0.115614, BuildExportMap=0.151534, SortExportsNonSeekfree=1.068287, SortExportsSeekfreeConstructor=0.063993, SortExportsSeekfreeInner=13.315085, SortExportsSeekfree=0.010263, BuildDependencyMap=0.076976, SerializeImportMap=0.020828, SerializeExportMap=0.047091, SerializeDependencyMap=0.007845, SerializeStringAssetReferenceMap=0.002112, SaveThumbNailsAssetRegistryDataWorldLevelInfo=0.991918, SerializeExports=11.124179, SerializeBulkData=0.012074, MoveFile=1.389764, UnaccountedTime=1.140732, RunGuid=RunID23E33A4145444A1F9C2DEAABDAAE35B2
SavePackageTransactionIdF26F8E28422E0375A2753B9E8A4FBE23_7, Filename=D:/Unreal4Projects_LJS/LJSPR_Study/Content/LJS_Studies/TwinStickShooter/TSS_Blueprints/TSSBP_HeroCharacter.uasset, AutoPackageBackupDelegate=1.688309, FlushAsyncLoading=0.004526, FlushStreamingFunc=0.064299, BlockTillAllRequestsFinished=0.003923, ResetLoadersForSaveUnMarkAllObjects=0.110783, TagPackageExports=5.182650, BeginCacheForCookedPlatformData=0.007246, SerializeImports=6.098796, GatherLocalizableTextData=10.922838, MarkNames=0.081200, SerializeSummary=0.014491, SerializeNames=0.244807, SerializeGatherableTextData=0.109877, BuildExportMap=0.192586, SortExportsNonSeekfree=1.063157, SortExportsSeekfreeConstructor=0.060976, SortExportsSeekfreeInner=13.687279, SortExportsSeekfree=0.006642, BuildDependencyMap=0.060070, SerializeImportMap=0.021432, SerializeExportMap=0.046488, SerializeDependencyMap=0.007242, SerializeStringAssetReferenceMap=0.002116, SaveThumbNailsAssetRegistryDataWorldLevelInfo=8.535419, SerializeExports=11.400681, SerializeBulkData=0.010565, MoveFile=1.675934, UnaccountedTime=1.151297, RunGuid=RunID23E33A4145444A1F9C2DEAABDAAE35B2
SavePackageTransactionIdF26F8E28422E0375A2753B9E8A4FBE23_8, Filename=D:/Unreal4Projects_LJS/LJSPR_Study/Content/LJS_Studies/TwinStickShooter/TSS_Blueprints/TSSBP_HeroCharacter.uasset, AutoPackageBackupDelegate=0.754952, FlushAsyncLoading=0.003017, FlushStreamingFunc=0.086032, BlockTillAllRequestsFinished=0.005133, ResetLoadersForSaveUnMarkAllObjects=0.120744, TagPackageExports=5.295243, BeginCacheForCookedPlatformData=0.005133, SerializeImports=6.050196, GatherLocalizableTextData=11.755369, MarkNames=0.061885, SerializeSummary=0.014789, SerializeNames=0.284050, SerializeGatherableTextData=0.163008, BuildExportMap=0.144288, SortExportsNonSeekfree=1.258459, SortExportsSeekfreeConstructor=0.063088, SortExportsSeekfreeInner=16.188801, SortExportsSeekfree=0.007849, BuildDependencyMap=0.080295, SerializeImportMap=0.020225, SerializeExportMap=0.057053, SerializeDependencyMap=0.013888, SerializeStringAssetReferenceMap=0.002112, SaveThumbNailsAssetRegistryDataWorldLevelInfo=8.500103, SerializeExports=11.621039, SerializeBulkData=0.012375, MoveFile=1.648463, UnaccountedTime=1.159448, RunGuid=RunID23E33A4145444A1F9C2DEAABDAAE35B2
SavePackageTransactionIdF26F8E28422E0375A2753B9E8A4FBE23_9, Filename=D:/Unreal4Projects_LJS/LJSPR_Study/Content/LJS_Studies/TwinStickShooter/TSS_Blueprints/TSSBP_HeroCharacter.uasset, AutoPackageBackupDelegate=0.665605, FlushAsyncLoading=0.003017, FlushStreamingFunc=0.025056, BlockTillAllRequestsFinished=0.003319, ResetLoadersForSaveUnMarkAllObjects=0.108369, TagPackageExports=5.226422, BeginCacheForCookedPlatformData=0.005130, SerializeImports=6.098498, GatherLocalizableTextData=11.338498, MarkNames=0.059769, SerializeSummary=0.014793, SerializeNames=0.262618, SerializeGatherableTextData=0.117123, BuildExportMap=0.149421, SortExportsNonSeekfree=1.090322, SortExportsSeekfreeConstructor=0.062786, SortExportsSeekfreeInner=15.071009, SortExportsSeekfree=0.007547, BuildDependencyMap=0.068825, SerializeImportMap=0.020828, SerializeExportMap=0.048600, SerializeDependencyMap=0.013884, SerializeStringAssetReferenceMap=0.002414, SaveThumbNailsAssetRegistryDataWorldLevelInfo=8.480482, SerializeExports=11.529278, SerializeBulkData=0.011470, MoveFile=1.702193, UnaccountedTime=1.194462, RunGuid=RunID23E33A4145444A1F9C2DEAABDAAE35B2
SavePackageTransactionIdF26F8E28422E0375A2753B9E8A4FBE23_10, Filename=D:/Unreal4Projects_LJS/LJSPR_Study/Content/LJS_Studies/TwinStickShooter/TSS_Blueprints/TSSBP_HeroCharacter.uasset, AutoPackageBackupDelegate=0.659868, FlushAsyncLoading=0.003021, FlushStreamingFunc=0.067011, BlockTillAllRequestsFinished=0.004530, ResetLoadersForSaveUnMarkAllObjects=0.108670, TagPackageExports=5.146727, BeginCacheForCookedPlatformData=0.003926, SerializeImports=5.855195, GatherLocalizableTextData=11.355705, MarkNames=0.064295, SerializeSummary=0.014190, SerializeNames=0.275899, SerializeGatherableTextData=0.115011, BuildExportMap=0.144288, SortExportsNonSeekfree=1.187220, SortExportsSeekfreeConstructor=0.085123, SortExportsSeekfreeInner=14.947247, SortExportsSeekfree=0.007849, BuildDependencyMap=0.072747, SerializeImportMap=0.020828, SerializeExportMap=0.055540, SerializeDependencyMap=0.014488, SerializeStringAssetReferenceMap=0.003017, SaveThumbNailsAssetRegistryDataWorldLevelInfo=8.579493, SerializeExports=12.011952, SerializeBulkData=0.011772, MoveFile=1.790035, UnaccountedTime=1.187522, RunGuid=RunID23E33A4145444A1F9C2DEAABDAAE35B2
SavePackageTransactionIdF26F8E28422E0375A2753B9E8A4FBE23_11, Filename=D:/Unreal4Projects_LJS/LJSPR_Study/Saved/Autosaves/Game/LJS_Studies/TwinStickShooter/TSS_Levels/TSSL_Arena_Auto1.umap, AutoPackageBackupDelegate=2.703164, FlushAsyncLoading=0.009961, FlushStreamingFunc=0.059467, BlockTillAllRequestsFinished=0.004832, ResetLoadersForSaveUnMarkAllObjects=0.146404, TagPackageExports=0.690959, BeginCacheForCookedPlatformData=0.002414, SerializeImports=1.516852, GatherLocalizableTextData=3.160182, MarkNames=0.042863, SerializeSummary=0.016000, SerializeNames=0.290994, SerializeGatherableTextData=0.010263, BuildExportMap=0.115309, SortExportsNonSeekfree=0.131916, SortExportsSeekfreeConstructor=0.064898, SortExportsSeekfreeInner=6.987479, SortExportsSeekfree=0.007544, BuildDependencyMap=0.043772, SerializeImportMap=0.034411, SerializeExportMap=0.022341, SerializeDependencyMap=0.004228, SerializeStringAssetReferenceMap=0.002112, SaveThumbNailsAssetRegistryDataWorldLevelInfo=0.510749, SerializeExports=5.163029, SerializeBulkData=50.470543, MoveFile=1.682572, UnaccountedTime=0.117421, RunGuid=RunID23E33A4145444A1F9C2DEAABDAAE35B2
SavePackageTransactionIdF26F8E28422E0375A2753B9E8A4FBE23_12, Filename=D:/Unreal4Projects_LJS/LJSPR_Study/Saved/Autosaves/Game/ThirdPersonBP/Blueprints/ThirdPersonGameMode_Auto1.uasset, AutoPackageBackupDelegate=1.600467, FlushAsyncLoading=0.005737, FlushStreamingFunc=0.051919, BlockTillAllRequestsFinished=0.004224, ResetLoadersForSaveUnMarkAllObjects=0.131611, TagPackageExports=0.267148, BeginCacheForCookedPlatformData=0.001810, SerializeImports=1.048967, GatherLocalizableTextData=0.348650, MarkNames=0.011470, SerializeSummary=0.012074, SerializeNames=0.056751, SerializeGatherableTextData=0.004224, BuildExportMap=0.048298, SortExportsNonSeekfree=0.021733, SortExportsSeekfreeConstructor=0.007547, SortExportsSeekfreeInner=4.113458, SortExportsSeekfree=0.005435, BuildDependencyMap=0.013884, SerializeImportMap=0.011168, SerializeExportMap=0.011474, SerializeDependencyMap=0.116520, SerializeStringAssetReferenceMap=0.003319, SaveThumbNailsAssetRegistryDataWorldLevelInfo=0.185043, SerializeExports=0.809591, SerializeBulkData=0.004526, MoveFile=1.467947, UnaccountedTime=0.102028, RunGuid=RunID23E33A4145444A1F9C2DEAABDAAE35B2
SavePackageTransactionIdF26F8E28422E0375A2753B9E8A4FBE23_13, Filename=D:/Unreal4Projects_LJS/LJSPR_Study/Saved/Autosaves/Game/LJS_Studies/TwinStickShooter/TSS_Blueprints/TSSBP_HeroCharacter_Auto1.uasset, AutoPackageBackupDelegate=1.892064, FlushAsyncLoading=0.008754, FlushStreamingFunc=0.042863, BlockTillAllRequestsFinished=0.006039, ResetLoadersForSaveUnMarkAllObjects=0.138856, TagPackageExports=5.682532, BeginCacheForCookedPlatformData=0.004530, SerializeImports=6.186638, GatherLocalizableTextData=11.646398, MarkNames=0.076674, SerializeSummary=0.015091, SerializeNames=0.293110, SerializeGatherableTextData=0.151835, BuildExportMap=0.162099, SortExportsNonSeekfree=1.186311, SortExportsSeekfreeConstructor=0.012983, SortExportsSeekfreeInner=15.457392, SortExportsSeekfree=0.007246, BuildDependencyMap=0.066709, SerializeImportMap=0.021130, SerializeExportMap=0.049204, SerializeDependencyMap=0.007849, SerializeStringAssetReferenceMap=0.001810, SaveThumbNailsAssetRegistryDataWorldLevelInfo=8.331664, SerializeExports=12.002293, SerializeBulkData=0.011470, MoveFile=1.441989, UnaccountedTime=0.128292, RunGuid=RunID23E33A4145444A1F9C2DEAABDAAE35B2
SavePackageTransactionIdF26F8E28422E0375A2753B9E8A4FBE23_14, Filename=D:/Unreal4Projects_LJS/LJSPR_Study/Content/LJS_Studies/TwinStickShooter/TSS_Blueprints/TSSBP_HeroCharacter.uasset, AutoPackageBackupDelegate=0.724465, FlushAsyncLoading=0.003017, FlushStreamingFunc=0.054035, BlockTillAllRequestsFinished=0.004224, ResetLoadersForSaveUnMarkAllObjects=0.108067, TagPackageExports=5.381878, BeginCacheForCookedPlatformData=0.004530, SerializeImports=6.142262, GatherLocalizableTextData=11.878833, MarkNames=0.063691, SerializeSummary=0.014491, SerializeNames=0.261411, SerializeGatherableTextData=0.146400, BuildExportMap=0.154555, SortExportsNonSeekfree=1.241554, SortExportsSeekfreeConstructor=0.060070, SortExportsSeekfreeInner=15.659035, SortExportsSeekfree=0.007547, BuildDependencyMap=0.072144, SerializeImportMap=0.019923, SerializeExportMap=0.047997, SerializeDependencyMap=0.008151, SerializeStringAssetReferenceMap=0.001810, SaveThumbNailsAssetRegistryDataWorldLevelInfo=8.871995, SerializeExports=12.268834, SerializeBulkData=0.010565, MoveFile=1.842860, UnaccountedTime=1.226764, RunGuid=RunID23E33A4145444A1F9C2DEAABDAAE35B2
SavePackageTransactionIdF26F8E28422E0375A2753B9E8A4FBE23_15, Filename=D:/Unreal4Projects_LJS/LJSPR_Study/Content/LJS_Studies/TwinStickShooter/TSS_Levels/TSSL_Arena.umap, AutoPackageBackupDelegate=0.926711, FlushAsyncLoading=0.003021, FlushStreamingFunc=0.037126, BlockTillAllRequestsFinished=0.004832, ResetLoadersForSaveUnMarkAllObjects=0.123158, TagPackageExports=0.707563, BeginCacheForCookedPlatformData=0.002112, SerializeImports=1.636386, GatherLocalizableTextData=3.250741, MarkNames=0.051618, SerializeSummary=0.015095, SerializeNames=0.342913, SerializeGatherableTextData=0.010867, BuildExportMap=0.124671, SortExportsNonSeekfree=0.128895, SortExportsSeekfreeConstructor=0.061277, SortExportsSeekfreeInner=6.983552, SortExportsSeekfree=0.007246, BuildDependencyMap=0.041656, SerializeImportMap=0.041053, SerializeExportMap=0.021130, SerializeDependencyMap=0.004526, SerializeStringAssetReferenceMap=0.002116, SaveThumbNailsAssetRegistryDataWorldLevelInfo=0.522822, SerializeExports=5.220082, SerializeBulkData=53.080429, MoveFile=1.832299, UnaccountedTime=1.137711, RunGuid=RunID23E33A4145444A1F9C2DEAABDAAE35B2
SavePackageTransactionIdF26F8E28422E0375A2753B9E8A4FBE23_16, Filename=D:/Unreal4Projects_LJS/LJSPR_Study/Content/ThirdPersonBP/Blueprints/ThirdPersonGameMode.uasset, AutoPackageBackupDelegate=0.744388, FlushAsyncLoading=0.003017, FlushStreamingFunc=0.047091, BlockTillAllRequestsFinished=0.004832, ResetLoadersForSaveUnMarkAllObjects=0.251751, TagPackageExports=0.269864, BeginCacheForCookedPlatformData=0.001810, SerializeImports=0.887170, GatherLocalizableTextData=0.350460, MarkNames=0.011470, SerializeSummary=0.011470, SerializeNames=0.057355, SerializeGatherableTextData=0.004526, BuildExportMap=0.047393, SortExportsNonSeekfree=0.021432, SortExportsSeekfreeConstructor=0.013888, SortExportsSeekfreeInner=4.063651, SortExportsSeekfree=0.005130, BuildDependencyMap=0.013586, SerializeImportMap=0.011772, SerializeExportMap=0.011772, SerializeDependencyMap=0.119839, SerializeStringAssetReferenceMap=0.003621, SaveThumbNailsAssetRegistryDataWorldLevelInfo=0.179004, SerializeExports=0.822872, SerializeBulkData=0.005435, MoveFile=1.613449, UnaccountedTime=1.266908, RunGuid=RunID23E33A4145444A1F9C2DEAABDAAE35B2
